{"cameraMode":{"drawMode":0,"name":"Shaded","section":"Shading Mode"},"sceneLighting":false,"audioPlay":false,"sceneViewState":{"showFog":true,"showMaterialUpdate":true,"showSkybox":false,"showFlares":true,"showImageEffects":true,"showParticleSystems":true},"in2DMode":false,"pivot":{"x":-0.08999991416931153,"y":5.090217590332031,"z":-3.6108322143554689},"rotation":{"x":0.1222468912601471,"y":0.10961734503507614,"z":-0.013592719100415707,"w":0.9863550066947937},"size":7.460879802703857,"orthographic":false}